rmse,mae,r2,max_absolute_error,mean_bias,mape,task,model,seed,training_seconds,inference_seconds,runtime_seconds,data_provenance,split_strategy
0.0074973926779049,0.0065591207026444,0.7453784181339551,0.011025755367194,0.0056481363445829,0.6760177324861307,soh,ridge,42,0.0006060000014258,6.159999975352548e-05,0.0006676000011793,synthetic data generated inside this project,held_out_cell
0.0085329986913547,0.0079666666666664,0.6701791895513834,0.0130699999999995,0.0056299999999997,0.8182738493778846,soh,random_forest,42,0.0227956000017002,0.0010817000002134,0.0238773000019136,synthetic data generated inside this project,held_out_cell
0.0158872000365074,0.013475,-0.1433242738236877,0.0273750000000001,0.0056250000000001,1.385389286437321,soh,hist_gradient_boosting,42,0.0457988999987719,0.0033610999998927,0.0491599999986647,synthetic data generated inside this project,held_out_cell
0.0618415272775476,0.0403591177231602,-16.323478833677274,0.1127689785987333,-0.0316591177231602,4.1554014172285925,soh,mlp,42,0.0246454999978595,0.0004264000017428,0.0250718999996024,synthetic data generated inside this project,held_out_cell
